PMID,Title,Authors,Citation,First Author,Journal/Book,Publication Year,Create Date,PMCID,NIHMS ID,DOI
"4107620","Inhibition of leucocyte migration in coeliac disease","MacGregor GA.","Lancet. 1971 Dec 25;2(7739):1431. doi: 10.1016/s0140-6736(71)90717-3.","MacGregor GA","Lancet","1971","1971/12/25","","","10.1016/s0140-6736(71)90717-3"
"4107619","Diabetes presenting with phimosis","Skoglund RW.","Lancet. 1971 Dec 25;2(7739):1431. doi: 10.1016/s0140-6736(71)90714-8.","Skoglund RW","Lancet","1971","1971/12/25","","","10.1016/s0140-6736(71)90714-8"
"4107618","Serum-insulin or plasma-insulin?","Henderson JR.","Lancet. 1971 Dec 25;2(7739):1430-1. doi: 10.1016/s0140-6736(71)90713-6.","Henderson JR","Lancet","1971","1971/12/25","","","10.1016/s0140-6736(71)90713-6"
"4107617","Vegetarianism in drug users","Dwyer JT, Mayer J.","Lancet. 1971 Dec 25;2(7739):1429-30. doi: 10.1016/s0140-6736(71)90711-2.","Dwyer JT","Lancet","1971","1971/12/25","","","10.1016/s0140-6736(71)90711-2"
"4107616","Hypertonia in older patients with the 5p-syndrome","Platt M, Holmes LB.","Lancet. 1971 Dec 25;2(7739):1429. doi: 10.1016/s0140-6736(71)90710-0.","Platt M","Lancet","1971","1971/12/25","","","10.1016/s0140-6736(71)90710-0"
"4107615","Cyclical changes in plasma-lysolecithin induced by oral contraceptives","Nicholls DG, Hampton JR, Mitchell JR.","Lancet. 1971 Dec 25;2(7739):1428-9. doi: 10.1016/s0140-6736(71)90709-4.","Nicholls DG","Lancet","1971","1971/12/25","","","10.1016/s0140-6736(71)90709-4"
"4107614","Macrophage receptors for immunoglobulins in delayed hypersensitivity","Szekeres L.","Lancet. 1971 Dec 25;2(7739):1427. doi: 10.1016/s0140-6736(71)90708-2.","Szekeres L","Lancet","1971","1971/12/25","","","10.1016/s0140-6736(71)90708-2"
"4107613","Continuous positive airway pressure in respiratory-distress syndrome","Barrie H.","Lancet. 1971 Dec 25;2(7739):1427. doi: 10.1016/s0140-6736(71)90707-0.","Barrie H","Lancet","1971","1971/12/25","","","10.1016/s0140-6736(71)90707-0"
"4107612","Bleeding complications in fulminant hepatitis","Jacobson RJ, Wagner S, Weinberg R, Bjornsson S.","Lancet. 1971 Dec 25;2(7739):1426. doi: 10.1016/s0140-6736(71)90705-7.","Jacobson RJ","Lancet","1971","1971/12/25","","","10.1016/s0140-6736(71)90705-7"
"4107611","Nephrotic syndrome and Hodgkin's disease","Bichel J, Jensen KB.","Lancet. 1971 Dec 25;2(7739):1425-6. doi: 10.1016/s0140-6736(71)90704-5.","Bichel J","Lancet","1971","1971/12/25","","","10.1016/s0140-6736(71)90704-5"
